FDOT District,Year,Month,Measure Names,Measure Values
Statewide,2020,1,Fatalities,158
Statewide,2020,2,Fatalities,155
Statewide,2020,3,Fatalities,164
Statewide,2020,4,Fatalities,116
Statewide,2020,5,Fatalities,145
Statewide,2020,6,Fatalities,161
Statewide,2020,7,Fatalities,131
Statewide,2020,8,Fatalities,128
Statewide,2020,9,Fatalities,160
Statewide,2020,10,Fatalities,163
Statewide,2020,11,Fatalities,164
Statewide,2020,12,Fatalities,157
Statewide,2019,1,Fatalities,140
Statewide,2019,2,Fatalities,154
Statewide,2019,3,Fatalities,182
Statewide,2019,4,Fatalities,148
Statewide,2019,5,Fatalities,140
Statewide,2019,6,Fatalities,150
Statewide,2019,7,Fatalities,134
Statewide,2019,8,Fatalities,140
Statewide,2019,9,Fatalities,129
Statewide,2019,10,Fatalities,134
Statewide,2019,11,Fatalities,173
Statewide,2019,12,Fatalities,153
Statewide,2018,1,Fatalities,135
Statewide,2018,2,Fatalities,140
Statewide,2018,3,Fatalities,179
Statewide,2018,4,Fatalities,158
Statewide,2018,5,Fatalities,149
Statewide,2018,6,Fatalities,136
Statewide,2018,7,Fatalities,98
Statewide,2018,8,Fatalities,141
Statewide,2018,9,Fatalities,129
Statewide,2018,10,Fatalities,161
Statewide,2018,11,Fatalities,107
Statewide,2018,12,Fatalities,163
Statewide,2017,1,Fatalities,144
Statewide,2017,2,Fatalities,104
Statewide,2017,3,Fatalities,177
Statewide,2017,4,Fatalities,147
Statewide,2017,5,Fatalities,144
Statewide,2017,6,Fatalities,157
Statewide,2017,7,Fatalities,136
Statewide,2017,8,Fatalities,111
Statewide,2017,9,Fatalities,122
Statewide,2017,10,Fatalities,135
Statewide,2017,11,Fatalities,144
Statewide,2017,12,Fatalities,161
Statewide,2020,1,Serious Injuries,655
Statewide,2020,2,Serious Injuries,669
Statewide,2020,3,Serious Injuries,702
Statewide,2020,4,Serious Injuries,355
Statewide,2020,5,Serious Injuries,586
Statewide,2020,6,Serious Injuries,584
Statewide,2020,7,Serious Injuries,610
Statewide,2020,8,Serious Injuries,652
Statewide,2020,9,Serious Injuries,617
Statewide,2020,10,Serious Injuries,699
Statewide,2020,11,Serious Injuries,652
Statewide,2020,12,Serious Injuries,709
Statewide,2019,1,Serious Injuries,712
Statewide,2019,2,Serious Injuries,735
Statewide,2019,3,Serious Injuries,857
Statewide,2019,4,Serious Injuries,744
Statewide,2019,5,Serious Injuries,786
Statewide,2019,6,Serious Injuries,658
Statewide,2019,7,Serious Injuries,646
Statewide,2019,8,Serious Injuries,671
Statewide,2019,9,Serious Injuries,679
Statewide,2019,10,Serious Injuries,754
Statewide,2019,11,Serious Injuries,694
Statewide,2019,12,Serious Injuries,706
Statewide,2018,1,Serious Injuries,761
Statewide,2018,2,Serious Injuries,800
Statewide,2018,3,Serious Injuries,1005
Statewide,2018,4,Serious Injuries,784
Statewide,2018,5,Serious Injuries,805
Statewide,2018,6,Serious Injuries,723
Statewide,2018,7,Serious Injuries,752
Statewide,2018,8,Serious Injuries,700
Statewide,2018,9,Serious Injuries,749
Statewide,2018,10,Serious Injuries,777
Statewide,2018,11,Serious Injuries,762
Statewide,2018,12,Serious Injuries,806
Statewide,2017,1,Serious Injuries,835
Statewide,2017,2,Serious Injuries,840
Statewide,2017,3,Serious Injuries,1013
Statewide,2017,4,Serious Injuries,933
Statewide,2017,5,Serious Injuries,843
Statewide,2017,6,Serious Injuries,795
Statewide,2017,7,Serious Injuries,832
Statewide,2017,8,Serious Injuries,782
Statewide,2017,9,Serious Injuries,786
Statewide,2017,10,Serious Injuries,873
Statewide,2017,11,Serious Injuries,856
Statewide,2017,12,Serious Injuries,887
Statewide,2020,1,Crashes,21364
Statewide,2020,2,Crashes,20887
Statewide,2020,3,Crashes,16640
Statewide,2020,4,Crashes,9140
Statewide,2020,5,Crashes,14142
Statewide,2020,6,Crashes,15790
Statewide,2020,7,Crashes,16777
Statewide,2020,8,Crashes,17726
Statewide,2020,9,Crashes,18328
Statewide,2020,10,Crashes,19959
Statewide,2020,11,Crashes,18571
Statewide,2020,12,Crashes,19156
Statewide,2019,1,Crashes,21372
Statewide,2019,2,Crashes,21084
Statewide,2019,3,Crashes,23497
Statewide,2019,4,Crashes,21773
Statewide,2019,5,Crashes,22220
Statewide,2019,6,Crashes,20628
Statewide,2019,7,Crashes,20381
Statewide,2019,8,Crashes,22601
Statewide,2019,9,Crashes,19254
Statewide,2019,10,Crashes,23040
Statewide,2019,11,Crashes,21193
Statewide,2019,12,Crashes,23265
Statewide,2018,1,Crashes,22695
Statewide,2018,2,Crashes,21091
Statewide,2018,3,Crashes,24682
Statewide,2018,4,Crashes,22637
Statewide,2018,5,Crashes,23623
Statewide,2018,6,Crashes,20851
Statewide,2018,7,Crashes,21231
Statewide,2018,8,Crashes,22573
Statewide,2018,9,Crashes,20687
Statewide,2018,10,Crashes,21889
Statewide,2018,11,Crashes,22259
Statewide,2018,12,Crashes,23165
Statewide,2017,1,Crashes,21735
Statewide,2017,2,Crashes,21198
Statewide,2017,3,Crashes,24316
Statewide,2017,4,Crashes,22356
Statewide,2017,5,Crashes,22113
Statewide,2017,6,Crashes,21022
Statewide,2017,7,Crashes,21175
Statewide,2017,8,Crashes,22342
Statewide,2017,9,Crashes,20672
Statewide,2017,10,Crashes,24644
Statewide,2017,11,Crashes,23291
Statewide,2017,12,Crashes,22983
1,2020,1,Fatalities,25
1,2020,2,Fatalities,21
1,2020,3,Fatalities,35
1,2020,4,Fatalities,14
1,2020,5,Fatalities,23
1,2020,6,Fatalities,40
1,2020,7,Fatalities,19
1,2020,8,Fatalities,19
1,2020,9,Fatalities,20
1,2020,10,Fatalities,22
1,2020,11,Fatalities,25
1,2020,12,Fatalities,26
1,2019,1,Fatalities,24
1,2019,2,Fatalities,34
1,2019,3,Fatalities,23
1,2019,4,Fatalities,28
1,2019,5,Fatalities,15
1,2019,6,Fatalities,27
1,2019,7,Fatalities,22
1,2019,8,Fatalities,18
1,2019,9,Fatalities,21
1,2019,10,Fatalities,20
1,2019,11,Fatalities,25
1,2019,12,Fatalities,18
1,2018,1,Fatalities,25
1,2018,2,Fatalities,25
1,2018,3,Fatalities,21
1,2018,4,Fatalities,30
1,2018,5,Fatalities,34
1,2018,6,Fatalities,22
1,2018,7,Fatalities,18
1,2018,8,Fatalities,23
1,2018,9,Fatalities,13
1,2018,10,Fatalities,20
1,2018,11,Fatalities,19
1,2018,12,Fatalities,38
1,2017,1,Fatalities,24
1,2017,2,Fatalities,14
1,2017,3,Fatalities,28
1,2017,4,Fatalities,21
1,2017,5,Fatalities,28
1,2017,6,Fatalities,27
1,2017,7,Fatalities,15
1,2017,8,Fatalities,19
1,2017,9,Fatalities,17
1,2017,10,Fatalities,25
1,2017,11,Fatalities,20
1,2017,12,Fatalities,24
1,2020,1,Serious Injuries,127
1,2020,2,Serious Injuries,112
1,2020,3,Serious Injuries,113
1,2020,4,Serious Injuries,62
1,2020,5,Serious Injuries,75
1,2020,6,Serious Injuries,86
1,2020,7,Serious Injuries,73
1,2020,8,Serious Injuries,95
1,2020,9,Serious Injuries,84
1,2020,10,Serious Injuries,112
1,2020,11,Serious Injuries,100
1,2020,12,Serious Injuries,113
1,2019,1,Serious Injuries,125
1,2019,2,Serious Injuries,132
1,2019,3,Serious Injuries,136
1,2019,4,Serious Injuries,130
1,2019,5,Serious Injuries,144
1,2019,6,Serious Injuries,95
1,2019,7,Serious Injuries,129
1,2019,8,Serious Injuries,109
1,2019,9,Serious Injuries,101
1,2019,10,Serious Injuries,120
1,2019,11,Serious Injuries,112
1,2019,12,Serious Injuries,144
1,2018,1,Serious Injuries,177
1,2018,2,Serious Injuries,173
1,2018,3,Serious Injuries,161
1,2018,4,Serious Injuries,141
1,2018,5,Serious Injuries,165
1,2018,6,Serious Injuries,125
1,2018,7,Serious Injuries,123
1,2018,8,Serious Injuries,116
1,2018,9,Serious Injuries,140
1,2018,10,Serious Injuries,126
1,2018,11,Serious Injuries,141
1,2018,12,Serious Injuries,149
1,2017,1,Serious Injuries,145
1,2017,2,Serious Injuries,143
1,2017,3,Serious Injuries,167
1,2017,4,Serious Injuries,167
1,2017,5,Serious Injuries,131
1,2017,6,Serious Injuries,138
1,2017,7,Serious Injuries,133
1,2017,8,Serious Injuries,138
1,2017,9,Serious Injuries,149
1,2017,10,Serious Injuries,114
1,2017,11,Serious Injuries,139
1,2017,12,Serious Injuries,179
1,2020,1,Crashes,2134
1,2020,2,Crashes,2212
1,2020,3,Crashes,1782
1,2020,4,Crashes,1033
1,2020,5,Crashes,1531
1,2020,6,Crashes,1695
1,2020,7,Crashes,1764
1,2020,8,Crashes,1833
1,2020,9,Crashes,1944
1,2020,10,Crashes,2040
1,2020,11,Crashes,2014
1,2020,12,Crashes,2160
1,2019,1,Crashes,2105
1,2019,2,Crashes,2204
1,2019,3,Crashes,2336
1,2019,4,Crashes,2126
1,2019,5,Crashes,1994
1,2019,6,Crashes,1846
1,2019,7,Crashes,1859
1,2019,8,Crashes,2074
1,2019,9,Crashes,1720
1,2019,10,Crashes,2089
1,2019,11,Crashes,2050
1,2019,12,Crashes,2282
1,2018,1,Crashes,2349
1,2018,2,Crashes,2245
1,2018,3,Crashes,2557
1,2018,4,Crashes,2241
1,2018,5,Crashes,2408
1,2018,6,Crashes,1926
1,2018,7,Crashes,1988
1,2018,8,Crashes,2150
1,2018,9,Crashes,1968
1,2018,10,Crashes,1916
1,2018,11,Crashes,2051
1,2018,12,Crashes,2246
1,2017,1,Crashes,2316
1,2017,2,Crashes,2355
1,2017,3,Crashes,2551
1,2017,4,Crashes,2183
1,2017,5,Crashes,2063
1,2017,6,Crashes,2009
1,2017,7,Crashes,1937
1,2017,8,Crashes,2148
1,2017,9,Crashes,2077
1,2017,10,Crashes,2378
1,2017,11,Crashes,2259
1,2017,12,Crashes,2222
2,2020,1,Fatalities,31
2,2020,2,Fatalities,28
2,2020,3,Fatalities,19
2,2020,4,Fatalities,23
2,2020,5,Fatalities,23
2,2020,6,Fatalities,19
2,2020,7,Fatalities,22
2,2020,8,Fatalities,31
2,2020,9,Fatalities,17
2,2020,10,Fatalities,30
2,2020,11,Fatalities,26
2,2020,12,Fatalities,28
2,2019,1,Fatalities,31
2,2019,2,Fatalities,25
2,2019,3,Fatalities,33
2,2019,4,Fatalities,20
2,2019,5,Fatalities,18
2,2019,6,Fatalities,18
2,2019,7,Fatalities,14
2,2019,8,Fatalities,34
2,2019,9,Fatalities,16
2,2019,10,Fatalities,26
2,2019,11,Fatalities,25
2,2019,12,Fatalities,43
2,2018,1,Fatalities,26
2,2018,2,Fatalities,18
2,2018,3,Fatalities,33
2,2018,4,Fatalities,22
2,2018,5,Fatalities,26
2,2018,6,Fatalities,24
2,2018,7,Fatalities,21
2,2018,8,Fatalities,25
2,2018,9,Fatalities,30
2,2018,10,Fatalities,24
2,2018,11,Fatalities,12
2,2018,12,Fatalities,23
2,2017,1,Fatalities,23
2,2017,2,Fatalities,12
2,2017,3,Fatalities,26
2,2017,4,Fatalities,28
2,2017,5,Fatalities,20
2,2017,6,Fatalities,27
2,2017,7,Fatalities,22
2,2017,8,Fatalities,19
2,2017,9,Fatalities,25
2,2017,10,Fatalities,17
2,2017,11,Fatalities,32
2,2017,12,Fatalities,24
2,2020,1,Serious Injuries,85
2,2020,2,Serious Injuries,74
2,2020,3,Serious Injuries,83
2,2020,4,Serious Injuries,46
2,2020,5,Serious Injuries,77
2,2020,6,Serious Injuries,92
2,2020,7,Serious Injuries,71
2,2020,8,Serious Injuries,94
2,2020,9,Serious Injuries,64
2,2020,10,Serious Injuries,72
2,2020,11,Serious Injuries,73
2,2020,12,Serious Injuries,99
2,2019,1,Serious Injuries,72
2,2019,2,Serious Injuries,82
2,2019,3,Serious Injuries,134
2,2019,4,Serious Injuries,109
2,2019,5,Serious Injuries,91
2,2019,6,Serious Injuries,85
2,2019,7,Serious Injuries,77
2,2019,8,Serious Injuries,95
2,2019,9,Serious Injuries,96
2,2019,10,Serious Injuries,99
2,2019,11,Serious Injuries,100
2,2019,12,Serious Injuries,93
2,2018,1,Serious Injuries,92
2,2018,2,Serious Injuries,82
2,2018,3,Serious Injuries,122
2,2018,4,Serious Injuries,93
2,2018,5,Serious Injuries,105
2,2018,6,Serious Injuries,80
2,2018,7,Serious Injuries,102
2,2018,8,Serious Injuries,77
2,2018,9,Serious Injuries,68
2,2018,10,Serious Injuries,89
2,2018,11,Serious Injuries,76
2,2018,12,Serious Injuries,107
2,2017,1,Serious Injuries,121
2,2017,2,Serious Injuries,88
2,2017,3,Serious Injuries,140
2,2017,4,Serious Injuries,128
2,2017,5,Serious Injuries,122
2,2017,6,Serious Injuries,135
2,2017,7,Serious Injuries,105
2,2017,8,Serious Injuries,130
2,2017,9,Serious Injuries,99
2,2017,10,Serious Injuries,118
2,2017,11,Serious Injuries,134
2,2017,12,Serious Injuries,117
2,2020,1,Crashes,2667
2,2020,2,Crashes,2715
2,2020,3,Crashes,2241
2,2020,4,Crashes,1399
2,2020,5,Crashes,2129
2,2020,6,Crashes,2345
2,2020,7,Crashes,2428
2,2020,8,Crashes,2664
2,2020,9,Crashes,2686
2,2020,10,Crashes,2905
2,2020,11,Crashes,2713
2,2020,12,Crashes,2663
2,2019,1,Crashes,2623
2,2019,2,Crashes,2568
2,2019,3,Crashes,2908
2,2019,4,Crashes,2920
2,2019,5,Crashes,2820
2,2019,6,Crashes,2509
2,2019,7,Crashes,2663
2,2019,8,Crashes,3064
2,2019,9,Crashes,2587
2,2019,10,Crashes,3081
2,2019,11,Crashes,2830
2,2019,12,Crashes,3088
2,2018,1,Crashes,2660
2,2018,2,Crashes,2635
2,2018,3,Crashes,3180
2,2018,4,Crashes,2947
2,2018,5,Crashes,3076
2,2018,6,Crashes,2793
2,2018,7,Crashes,2789
2,2018,8,Crashes,3057
2,2018,9,Crashes,2762
2,2018,10,Crashes,2919
2,2018,11,Crashes,2965
2,2018,12,Crashes,3029
2,2017,1,Crashes,2606
2,2017,2,Crashes,2544
2,2017,3,Crashes,2806
2,2017,4,Crashes,2794
2,2017,5,Crashes,2857
2,2017,6,Crashes,2840
2,2017,7,Crashes,2599
2,2017,8,Crashes,2946
2,2017,9,Crashes,2872
2,2017,10,Crashes,3270
2,2017,11,Crashes,3004
2,2017,12,Crashes,3163
3,2020,1,Fatalities,9
3,2020,2,Fatalities,12
3,2020,3,Fatalities,17
3,2020,4,Fatalities,8
3,2020,5,Fatalities,17
3,2020,6,Fatalities,13
3,2020,7,Fatalities,13
3,2020,8,Fatalities,12
3,2020,9,Fatalities,19
3,2020,10,Fatalities,29
3,2020,11,Fatalities,23
3,2020,12,Fatalities,18
3,2019,1,Fatalities,18
3,2019,2,Fatalities,10
3,2019,3,Fatalities,16
3,2019,4,Fatalities,14
3,2019,5,Fatalities,16
3,2019,6,Fatalities,18
3,2019,7,Fatalities,19
3,2019,8,Fatalities,16
3,2019,9,Fatalities,11
3,2019,10,Fatalities,19
3,2019,11,Fatalities,17
3,2019,12,Fatalities,16
3,2018,1,Fatalities,10
3,2018,2,Fatalities,10
3,2018,3,Fatalities,13
3,2018,4,Fatalities,18
3,2018,5,Fatalities,13
3,2018,6,Fatalities,16
3,2018,7,Fatalities,8
3,2018,8,Fatalities,13
3,2018,9,Fatalities,13
3,2018,10,Fatalities,24
3,2018,11,Fatalities,15
3,2018,12,Fatalities,9
3,2017,1,Fatalities,9
3,2017,2,Fatalities,11
3,2017,3,Fatalities,14
3,2017,4,Fatalities,14
3,2017,5,Fatalities,16
3,2017,6,Fatalities,17
3,2017,7,Fatalities,17
3,2017,8,Fatalities,13
3,2017,9,Fatalities,20
3,2017,10,Fatalities,14
3,2017,11,Fatalities,17
3,2017,12,Fatalities,15
3,2020,1,Serious Injuries,19
3,2020,2,Serious Injuries,27
3,2020,3,Serious Injuries,48
3,2020,4,Serious Injuries,15
3,2020,5,Serious Injuries,58
3,2020,6,Serious Injuries,32
3,2020,7,Serious Injuries,37
3,2020,8,Serious Injuries,68
3,2020,9,Serious Injuries,56
3,2020,10,Serious Injuries,60
3,2020,11,Serious Injuries,52
3,2020,12,Serious Injuries,49
3,2019,1,Serious Injuries,60
3,2019,2,Serious Injuries,49
3,2019,3,Serious Injuries,54
3,2019,4,Serious Injuries,55
3,2019,5,Serious Injuries,75
3,2019,6,Serious Injuries,59
3,2019,7,Serious Injuries,40
3,2019,8,Serious Injuries,57
3,2019,9,Serious Injuries,45
3,2019,10,Serious Injuries,65
3,2019,11,Serious Injuries,49
3,2019,12,Serious Injuries,51
3,2018,1,Serious Injuries,58
3,2018,2,Serious Injuries,66
3,2018,3,Serious Injuries,59
3,2018,4,Serious Injuries,56
3,2018,5,Serious Injuries,53
3,2018,6,Serious Injuries,55
3,2018,7,Serious Injuries,65
3,2018,8,Serious Injuries,56
3,2018,9,Serious Injuries,72
3,2018,10,Serious Injuries,61
3,2018,11,Serious Injuries,48
3,2018,12,Serious Injuries,60
3,2017,1,Serious Injuries,68
3,2017,2,Serious Injuries,65
3,2017,3,Serious Injuries,62
3,2017,4,Serious Injuries,78
3,2017,5,Serious Injuries,73
3,2017,6,Serious Injuries,42
3,2017,7,Serious Injuries,75
3,2017,8,Serious Injuries,67
3,2017,9,Serious Injuries,75
3,2017,10,Serious Injuries,80
3,2017,11,Serious Injuries,59
3,2017,12,Serious Injuries,64
3,2020,1,Crashes,1699
3,2020,2,Crashes,1622
3,2020,3,Crashes,1414
3,2020,4,Crashes,769
3,2020,5,Crashes,1307
3,2020,6,Crashes,1506
3,2020,7,Crashes,1618
3,2020,8,Crashes,1677
3,2020,9,Crashes,1687
3,2020,10,Crashes,1818
3,2020,11,Crashes,1614
3,2020,12,Crashes,1627
3,2019,1,Crashes,1748
3,2019,2,Crashes,1660
3,2019,3,Crashes,2019
3,2019,4,Crashes,1902
3,2019,5,Crashes,2077
3,2019,6,Crashes,1967
3,2019,7,Crashes,1896
3,2019,8,Crashes,1962
3,2019,9,Crashes,1707
3,2019,10,Crashes,1988
3,2019,11,Crashes,1708
3,2019,12,Crashes,1851
3,2018,1,Crashes,1631
3,2018,2,Crashes,1616
3,2018,3,Crashes,1822
3,2018,4,Crashes,1694
3,2018,5,Crashes,1903
3,2018,6,Crashes,1955
3,2018,7,Crashes,1918
3,2018,8,Crashes,1934
3,2018,9,Crashes,1755
3,2018,10,Crashes,1977
3,2018,11,Crashes,2130
3,2018,12,Crashes,2025
3,2017,1,Crashes,1647
3,2017,2,Crashes,1608
3,2017,3,Crashes,1818
3,2017,4,Crashes,1881
3,2017,5,Crashes,1956
3,2017,6,Crashes,1875
3,2017,7,Crashes,1871
3,2017,8,Crashes,1789
3,2017,9,Crashes,1677
3,2017,10,Crashes,1801
3,2017,11,Crashes,1703
3,2017,12,Crashes,1757
4,2020,1,Fatalities,20
4,2020,2,Fatalities,27
4,2020,3,Fatalities,16
4,2020,4,Fatalities,31
4,2020,5,Fatalities,30
4,2020,6,Fatalities,20
4,2020,7,Fatalities,25
4,2020,8,Fatalities,17
4,2020,9,Fatalities,22
4,2020,10,Fatalities,15
4,2020,11,Fatalities,23
4,2020,12,Fatalities,20
4,2019,1,Fatalities,16
4,2019,2,Fatalities,19
4,2019,3,Fatalities,36
4,2019,4,Fatalities,30
4,2019,5,Fatalities,26
4,2019,6,Fatalities,14
4,2019,7,Fatalities,20
4,2019,8,Fatalities,18
4,2019,9,Fatalities,22
4,2019,10,Fatalities,19
4,2019,11,Fatalities,20
4,2019,12,Fatalities,17
4,2018,1,Fatalities,26
4,2018,2,Fatalities,25
4,2018,3,Fatalities,20
4,2018,4,Fatalities,27
4,2018,5,Fatalities,23
4,2018,6,Fatalities,21
4,2018,7,Fatalities,11
4,2018,8,Fatalities,22
4,2018,9,Fatalities,23
4,2018,10,Fatalities,22
4,2018,11,Fatalities,16
4,2018,12,Fatalities,28
4,2017,1,Fatalities,19
4,2017,2,Fatalities,19
4,2017,3,Fatalities,24
4,2017,4,Fatalities,17
4,2017,5,Fatalities,15
4,2017,6,Fatalities,18
4,2017,7,Fatalities,10
4,2017,8,Fatalities,16
4,2017,9,Fatalities,19
4,2017,10,Fatalities,23
4,2017,11,Fatalities,18
4,2017,12,Fatalities,25
4,2020,1,Serious Injuries,104
4,2020,2,Serious Injuries,101
4,2020,3,Serious Injuries,99
4,2020,4,Serious Injuries,65
4,2020,5,Serious Injuries,109
4,2020,6,Serious Injuries,87
4,2020,7,Serious Injuries,124
4,2020,8,Serious Injuries,117
4,2020,9,Serious Injuries,102
4,2020,10,Serious Injuries,115
4,2020,11,Serious Injuries,106
4,2020,12,Serious Injuries,100
4,2019,1,Serious Injuries,99
4,2019,2,Serious Injuries,123
4,2019,3,Serious Injuries,105
4,2019,4,Serious Injuries,99
4,2019,5,Serious Injuries,120
4,2019,6,Serious Injuries,110
4,2019,7,Serious Injuries,106
4,2019,8,Serious Injuries,91
4,2019,9,Serious Injuries,99
4,2019,10,Serious Injuries,98
4,2019,11,Serious Injuries,85
4,2019,12,Serious Injuries,88
4,2018,1,Serious Injuries,106
4,2018,2,Serious Injuries,111
4,2018,3,Serious Injuries,123
4,2018,4,Serious Injuries,94
4,2018,5,Serious Injuries,120
4,2018,6,Serious Injuries,104
4,2018,7,Serious Injuries,97
4,2018,8,Serious Injuries,103
4,2018,9,Serious Injuries,103
4,2018,10,Serious Injuries,114
4,2018,11,Serious Injuries,137
4,2018,12,Serious Injuries,131
4,2017,1,Serious Injuries,138
4,2017,2,Serious Injuries,153
4,2017,3,Serious Injuries,157
4,2017,4,Serious Injuries,139
4,2017,5,Serious Injuries,133
4,2017,6,Serious Injuries,105
4,2017,7,Serious Injuries,100
4,2017,8,Serious Injuries,94
4,2017,9,Serious Injuries,99
4,2017,10,Serious Injuries,112
4,2017,11,Serious Injuries,135
4,2017,12,Serious Injuries,123
4,2020,1,Crashes,4932
4,2020,2,Crashes,4682
4,2020,3,Crashes,3613
4,2020,4,Crashes,2038
4,2020,5,Crashes,3106
4,2020,6,Crashes,3285
4,2020,7,Crashes,3596
4,2020,8,Crashes,3662
4,2020,9,Crashes,3859
4,2020,10,Crashes,4350
4,2020,11,Crashes,3763
4,2020,12,Crashes,4010
4,2019,1,Crashes,4927
4,2019,2,Crashes,4821
4,2019,3,Crashes,5308
4,2019,4,Crashes,4741
4,2019,5,Crashes,5119
4,2019,6,Crashes,4475
4,2019,7,Crashes,4254
4,2019,8,Crashes,5009
4,2019,9,Crashes,4200
4,2019,10,Crashes,5073
4,2019,11,Crashes,4625
4,2019,12,Crashes,5324
4,2018,1,Crashes,5387
4,2018,2,Crashes,4791
4,2018,3,Crashes,5208
4,2018,4,Crashes,5051
4,2018,5,Crashes,5056
4,2018,6,Crashes,4429
4,2018,7,Crashes,4367
4,2018,8,Crashes,4724
4,2018,9,Crashes,4468
4,2018,10,Crashes,4645
4,2018,11,Crashes,4791
4,2018,12,Crashes,5066
4,2017,1,Crashes,5147
4,2017,2,Crashes,4684
4,2017,3,Crashes,5358
4,2017,4,Crashes,4947
4,2017,5,Crashes,5064
4,2017,6,Crashes,4429
4,2017,7,Crashes,4622
4,2017,8,Crashes,4845
4,2017,9,Crashes,4296
4,2017,10,Crashes,5535
4,2017,11,Crashes,5127
4,2017,12,Crashes,4881
5,2020,1,Fatalities,34
5,2020,2,Fatalities,35
5,2020,3,Fatalities,42
5,2020,4,Fatalities,26
5,2020,5,Fatalities,27
5,2020,6,Fatalities,25
5,2020,7,Fatalities,28
5,2020,8,Fatalities,24
5,2020,9,Fatalities,50
5,2020,10,Fatalities,34
5,2020,11,Fatalities,29
5,2020,12,Fatalities,35
5,2019,1,Fatalities,22
5,2019,2,Fatalities,32
5,2019,3,Fatalities,42
5,2019,4,Fatalities,28
5,2019,5,Fatalities,29
5,2019,6,Fatalities,43
5,2019,7,Fatalities,31
5,2019,8,Fatalities,24
5,2019,9,Fatalities,32
5,2019,10,Fatalities,24
5,2019,11,Fatalities,43
5,2019,12,Fatalities,31
5,2018,1,Fatalities,25
5,2018,2,Fatalities,33
5,2018,3,Fatalities,46
5,2018,4,Fatalities,31
5,2018,5,Fatalities,23
5,2018,6,Fatalities,34
5,2018,7,Fatalities,16
5,2018,8,Fatalities,29
5,2018,9,Fatalities,29
5,2018,10,Fatalities,37
5,2018,11,Fatalities,20
5,2018,12,Fatalities,34
5,2017,1,Fatalities,32
5,2017,2,Fatalities,21
5,2017,3,Fatalities,40
5,2017,4,Fatalities,33
5,2017,5,Fatalities,33
5,2017,6,Fatalities,44
5,2017,7,Fatalities,39
5,2017,8,Fatalities,24
5,2017,9,Fatalities,16
5,2017,10,Fatalities,32
5,2017,11,Fatalities,26
5,2017,12,Fatalities,42
5,2020,1,Serious Injuries,131
5,2020,2,Serious Injuries,148
5,2020,3,Serious Injuries,167
5,2020,4,Serious Injuries,77
5,2020,5,Serious Injuries,117
5,2020,6,Serious Injuries,133
5,2020,7,Serious Injuries,148
5,2020,8,Serious Injuries,117
5,2020,9,Serious Injuries,147
5,2020,10,Serious Injuries,167
5,2020,11,Serious Injuries,137
5,2020,12,Serious Injuries,162
5,2019,1,Serious Injuries,145
5,2019,2,Serious Injuries,142
5,2019,3,Serious Injuries,203
5,2019,4,Serious Injuries,151
5,2019,5,Serious Injuries,179
5,2019,6,Serious Injuries,148
5,2019,7,Serious Injuries,127
5,2019,8,Serious Injuries,143
5,2019,9,Serious Injuries,144
5,2019,10,Serious Injuries,161
5,2019,11,Serious Injuries,163
5,2019,12,Serious Injuries,151
5,2018,1,Serious Injuries,133
5,2018,2,Serious Injuries,191
5,2018,3,Serious Injuries,294
5,2018,4,Serious Injuries,197
5,2018,5,Serious Injuries,177
5,2018,6,Serious Injuries,190
5,2018,7,Serious Injuries,163
5,2018,8,Serious Injuries,160
5,2018,9,Serious Injuries,172
5,2018,10,Serious Injuries,189
5,2018,11,Serious Injuries,137
5,2018,12,Serious Injuries,180
5,2017,1,Serious Injuries,158
5,2017,2,Serious Injuries,157
5,2017,3,Serious Injuries,222
5,2017,4,Serious Injuries,200
5,2017,5,Serious Injuries,174
5,2017,6,Serious Injuries,186
5,2017,7,Serious Injuries,200
5,2017,8,Serious Injuries,168
5,2017,9,Serious Injuries,195
5,2017,10,Serious Injuries,226
5,2017,11,Serious Injuries,184
5,2017,12,Serious Injuries,201
5,2020,1,Crashes,3824
5,2020,2,Crashes,3788
5,2020,3,Crashes,3177
5,2020,4,Crashes,1674
5,2020,5,Crashes,2685
5,2020,6,Crashes,2928
5,2020,7,Crashes,3090
5,2020,8,Crashes,3314
5,2020,9,Crashes,3469
5,2020,10,Crashes,3552
5,2020,11,Crashes,3580
5,2020,12,Crashes,3537
5,2019,1,Crashes,3956
5,2019,2,Crashes,3946
5,2019,3,Crashes,4393
5,2019,4,Crashes,4094
5,2019,5,Crashes,4041
5,2019,6,Crashes,3984
5,2019,7,Crashes,4002
5,2019,8,Crashes,4261
5,2019,9,Crashes,3525
5,2019,10,Crashes,4527
5,2019,11,Crashes,4193
5,2019,12,Crashes,4533
5,2018,1,Crashes,4478
5,2018,2,Crashes,3934
5,2018,3,Crashes,4989
5,2018,4,Crashes,4356
5,2018,5,Crashes,4705
5,2018,6,Crashes,4258
5,2018,7,Crashes,4275
5,2018,8,Crashes,4390
5,2018,9,Crashes,3995
5,2018,10,Crashes,4382
5,2018,11,Crashes,4289
5,2018,12,Crashes,4484
5,2017,1,Crashes,3974
5,2017,2,Crashes,4160
5,2017,3,Crashes,4886
5,2017,4,Crashes,4567
5,2017,5,Crashes,4102
5,2017,6,Crashes,4191
5,2017,7,Crashes,4404
5,2017,8,Crashes,4359
5,2017,9,Crashes,4372
5,2017,10,Crashes,4889
5,2017,11,Crashes,4700
5,2017,12,Crashes,4586
6,2020,1,Fatalities,17
6,2020,2,Fatalities,4
6,2020,3,Fatalities,14
6,2020,4,Fatalities,3
6,2020,5,Fatalities,6
6,2020,6,Fatalities,18
6,2020,7,Fatalities,11
6,2020,8,Fatalities,9
6,2020,9,Fatalities,17
6,2020,10,Fatalities,11
6,2020,11,Fatalities,11
6,2020,12,Fatalities,7
6,2019,1,Fatalities,12
6,2019,2,Fatalities,20
6,2019,3,Fatalities,10
6,2019,4,Fatalities,11
6,2019,5,Fatalities,13
6,2019,6,Fatalities,8
6,2019,7,Fatalities,16
6,2019,8,Fatalities,15
6,2019,9,Fatalities,7
6,2019,10,Fatalities,9
6,2019,11,Fatalities,16
6,2019,12,Fatalities,8
6,2018,1,Fatalities,9
6,2018,2,Fatalities,13
6,2018,3,Fatalities,22
6,2018,4,Fatalities,10
6,2018,5,Fatalities,8
6,2018,6,Fatalities,4
6,2018,7,Fatalities,8
6,2018,8,Fatalities,11
6,2018,9,Fatalities,7
6,2018,10,Fatalities,7
6,2018,11,Fatalities,9
6,2018,12,Fatalities,12
6,2017,1,Fatalities,10
6,2017,2,Fatalities,9
6,2017,3,Fatalities,15
6,2017,4,Fatalities,12
6,2017,5,Fatalities,12
6,2017,6,Fatalities,6
6,2017,7,Fatalities,12
6,2017,8,Fatalities,3
6,2017,9,Fatalities,10
6,2017,10,Fatalities,11
6,2017,11,Fatalities,10
6,2017,12,Fatalities,14
6,2020,1,Serious Injuries,64
6,2020,2,Serious Injuries,66
6,2020,3,Serious Injuries,51
6,2020,4,Serious Injuries,31
6,2020,5,Serious Injuries,42
6,2020,6,Serious Injuries,39
6,2020,7,Serious Injuries,34
6,2020,8,Serious Injuries,35
6,2020,9,Serious Injuries,54
6,2020,10,Serious Injuries,60
6,2020,11,Serious Injuries,47
6,2020,12,Serious Injuries,42
6,2019,1,Serious Injuries,75
6,2019,2,Serious Injuries,80
6,2019,3,Serious Injuries,94
6,2019,4,Serious Injuries,72
6,2019,5,Serious Injuries,53
6,2019,6,Serious Injuries,53
6,2019,7,Serious Injuries,66
6,2019,8,Serious Injuries,55
6,2019,9,Serious Injuries,68
6,2019,10,Serious Injuries,73
6,2019,11,Serious Injuries,59
6,2019,12,Serious Injuries,64
6,2018,1,Serious Injuries,52
6,2018,2,Serious Injuries,45
6,2018,3,Serious Injuries,80
6,2018,4,Serious Injuries,63
6,2018,5,Serious Injuries,61
6,2018,6,Serious Injuries,50
6,2018,7,Serious Injuries,79
6,2018,8,Serious Injuries,74
6,2018,9,Serious Injuries,73
6,2018,10,Serious Injuries,77
6,2018,11,Serious Injuries,73
6,2018,12,Serious Injuries,57
6,2017,1,Serious Injuries,55
6,2017,2,Serious Injuries,60
6,2017,3,Serious Injuries,89
6,2017,4,Serious Injuries,84
6,2017,5,Serious Injuries,83
6,2017,6,Serious Injuries,50
6,2017,7,Serious Injuries,73
6,2017,8,Serious Injuries,49
6,2017,9,Serious Injuries,40
6,2017,10,Serious Injuries,87
6,2017,11,Serious Injuries,63
6,2017,12,Serious Injuries,67
6,2020,1,Crashes,3453
6,2020,2,Crashes,3232
6,2020,3,Crashes,2361
6,2020,4,Crashes,1065
6,2020,5,Crashes,1682
6,2020,6,Crashes,1976
6,2020,7,Crashes,2138
6,2020,8,Crashes,2287
6,2020,9,Crashes,2365
6,2020,10,Crashes,2954
6,2020,11,Crashes,2607
6,2020,12,Crashes,2693
6,2019,1,Crashes,3328
6,2019,2,Crashes,3177
6,2019,3,Crashes,3629
6,2019,4,Crashes,3253
6,2019,5,Crashes,3483
6,2019,6,Crashes,3189
6,2019,7,Crashes,3143
6,2019,8,Crashes,3330
6,2019,9,Crashes,3111
6,2019,10,Crashes,3392
6,2019,11,Crashes,3182
6,2019,12,Crashes,3358
6,2018,1,Crashes,3530
6,2018,2,Crashes,3228
6,2018,3,Crashes,3897
6,2018,4,Crashes,3483
6,2018,5,Crashes,3548
6,2018,6,Crashes,3037
6,2018,7,Crashes,3249
6,2018,8,Crashes,3469
6,2018,9,Crashes,3144
6,2018,10,Crashes,3418
6,2018,11,Crashes,3348
6,2018,12,Crashes,3381
6,2017,1,Crashes,3457
6,2017,2,Crashes,3298
6,2017,3,Crashes,4052
6,2017,4,Crashes,3396
6,2017,5,Crashes,3588
6,2017,6,Crashes,3278
6,2017,7,Crashes,3292
6,2017,8,Crashes,3557
6,2017,9,Crashes,3004
6,2017,10,Crashes,4060
6,2017,11,Crashes,3793
6,2017,12,Crashes,3695
7,2020,1,Fatalities,22
7,2020,2,Fatalities,28
7,2020,3,Fatalities,21
7,2020,4,Fatalities,11
7,2020,5,Fatalities,19
7,2020,6,Fatalities,26
7,2020,7,Fatalities,13
7,2020,8,Fatalities,16
7,2020,9,Fatalities,15
7,2020,10,Fatalities,22
7,2020,11,Fatalities,27
7,2020,12,Fatalities,23
7,2019,1,Fatalities,17
7,2019,2,Fatalities,14
7,2019,3,Fatalities,22
7,2019,4,Fatalities,17
7,2019,5,Fatalities,23
7,2019,6,Fatalities,22
7,2019,7,Fatalities,12
7,2019,8,Fatalities,15
7,2019,9,Fatalities,20
7,2019,10,Fatalities,17
7,2019,11,Fatalities,27
7,2019,12,Fatalities,20
7,2018,1,Fatalities,14
7,2018,2,Fatalities,16
7,2018,3,Fatalities,24
7,2018,4,Fatalities,20
7,2018,5,Fatalities,22
7,2018,6,Fatalities,15
7,2018,7,Fatalities,16
7,2018,8,Fatalities,18
7,2018,9,Fatalities,14
7,2018,10,Fatalities,27
7,2018,11,Fatalities,16
7,2018,12,Fatalities,19
7,2017,1,Fatalities,27
7,2017,2,Fatalities,18
7,2017,3,Fatalities,30
7,2017,4,Fatalities,22
7,2017,5,Fatalities,20
7,2017,6,Fatalities,18
7,2017,7,Fatalities,21
7,2017,8,Fatalities,17
7,2017,9,Fatalities,15
7,2017,10,Fatalities,13
7,2017,11,Fatalities,21
7,2017,12,Fatalities,17
7,2020,1,Serious Injuries,125
7,2020,2,Serious Injuries,141
7,2020,3,Serious Injuries,141
7,2020,4,Serious Injuries,59
7,2020,5,Serious Injuries,108
7,2020,6,Serious Injuries,115
7,2020,7,Serious Injuries,123
7,2020,8,Serious Injuries,126
7,2020,9,Serious Injuries,110
7,2020,10,Serious Injuries,113
7,2020,11,Serious Injuries,137
7,2020,12,Serious Injuries,144
7,2019,1,Serious Injuries,136
7,2019,2,Serious Injuries,127
7,2019,3,Serious Injuries,131
7,2019,4,Serious Injuries,128
7,2019,5,Serious Injuries,124
7,2019,6,Serious Injuries,108
7,2019,7,Serious Injuries,101
7,2019,8,Serious Injuries,121
7,2019,9,Serious Injuries,126
7,2019,10,Serious Injuries,138
7,2019,11,Serious Injuries,126
7,2019,12,Serious Injuries,115
7,2018,1,Serious Injuries,143
7,2018,2,Serious Injuries,132
7,2018,3,Serious Injuries,166
7,2018,4,Serious Injuries,140
7,2018,5,Serious Injuries,124
7,2018,6,Serious Injuries,119
7,2018,7,Serious Injuries,123
7,2018,8,Serious Injuries,114
7,2018,9,Serious Injuries,121
7,2018,10,Serious Injuries,121
7,2018,11,Serious Injuries,150
7,2018,12,Serious Injuries,122
7,2017,1,Serious Injuries,150
7,2017,2,Serious Injuries,174
7,2017,3,Serious Injuries,176
7,2017,4,Serious Injuries,137
7,2017,5,Serious Injuries,127
7,2017,6,Serious Injuries,139
7,2017,7,Serious Injuries,146
7,2017,8,Serious Injuries,136
7,2017,9,Serious Injuries,129
7,2017,10,Serious Injuries,136
7,2017,11,Serious Injuries,142
7,2017,12,Serious Injuries,136
7,2020,1,Crashes,2655
7,2020,2,Crashes,2636
7,2020,3,Crashes,2052
7,2020,4,Crashes,1162
7,2020,5,Crashes,1702
7,2020,6,Crashes,2055
7,2020,7,Crashes,2143
7,2020,8,Crashes,2289
7,2020,9,Crashes,2318
7,2020,10,Crashes,2340
7,2020,11,Crashes,2280
7,2020,12,Crashes,2466
7,2019,1,Crashes,2685
7,2019,2,Crashes,2708
7,2019,3,Crashes,2904
7,2019,4,Crashes,2737
7,2019,5,Crashes,2686
7,2019,6,Crashes,2658
7,2019,7,Crashes,2564
7,2019,8,Crashes,2901
7,2019,9,Crashes,2404
7,2019,10,Crashes,2890
7,2019,11,Crashes,2605
7,2019,12,Crashes,2829
7,2018,1,Crashes,2660
7,2018,2,Crashes,2642
7,2018,3,Crashes,3029
7,2018,4,Crashes,2865
7,2018,5,Crashes,2927
7,2018,6,Crashes,2453
7,2018,7,Crashes,2645
7,2018,8,Crashes,2849
7,2018,9,Crashes,2595
7,2018,10,Crashes,2632
7,2018,11,Crashes,2685
7,2018,12,Crashes,2934
7,2017,1,Crashes,2588
7,2017,2,Crashes,2549
7,2017,3,Crashes,2845
7,2017,4,Crashes,2588
7,2017,5,Crashes,2483
7,2017,6,Crashes,2400
7,2017,7,Crashes,2450
7,2017,8,Crashes,2698
7,2017,9,Crashes,2374
7,2017,10,Crashes,2711
7,2017,11,Crashes,2705
7,2017,12,Crashes,2679
